序号,链接,节点数
0,https://clashnode.com/wp-content/uploads/2023/09/20230924.txt,40
1,https://nodefree.org/dy/2023/09/20230924.yaml,40
2,https://oneclash.cc/wp-content/uploads/2023/09/20230924.txt,40
3,https://v2rayshare.com/wp-content/uploads/2023/09/20230924.txt,44
4,https://wefound.cc/freenode/2023/09/20230924.txt,40
5,https://fastestcloud.xyz/api/v1/client/subscribe?token=87cae998a8ad4325301652f4814fc9dd,63
6,https://oss.v2rayse.com/proxies/data/2023-09-24/vega2d4.txt,38
7,https://prop.cf/?name=paimon&client=base64,47
8,https://prop.cf/?name=paimon&client=clash,47
9,https://raw.githubusercontent.com/Leon406/SubCrawler/main/sub/share/all3,496
10,https://raw.githubusercontent.com/Pawdroid/Free-servers/main/sub,9
11,https://raw.githubusercontent.com/abshare/abshare.github.io/main/README.md,129
12,https://raw.githubusercontent.com/aiboboxx/v2rayfree/main/v2,37
13,https://raw.githubusercontent.com/ermaozi/get_subscribe/main/subscribe/v2ray.txt,38
14,https://raw.githubusercontent.com/free18/v2ray/main/v2ray.txt,278
15,https://raw.githubusercontent.com/freefq/free/master/v2,27
16,https://raw.githubusercontent.com/hkaa0/permalink/main/proxy/V2ray,212
17,https://raw.githubusercontent.com/hkaa0/permalink/main/proxy/clash,211
18,https://raw.githubusercontent.com/lflflf999/0516/main/BX-JD,141
19,https://raw.githubusercontent.com/mfuu/v2ray/master/clash.yaml,222
20,https://raw.githubusercontent.com/mfuu/v2ray/master/v2ray,223
21,https://raw.githubusercontent.com/mianfeifq/share/main/data2023094.txt,179
22,https://raw.githubusercontent.com/mksshare/mksshare.github.io/main/README.md,139
23,https://raw.githubusercontent.com/mlabalabala/v2ray-node/main/nodefree4clash.txt,1
24,https://raw.githubusercontent.com/peasoft/NoMoreWalls/master/list.txt,285
25,https://raw.githubusercontent.com/ripaojiedian/freenode/main/clash,28
26,https://raw.githubusercontent.com/ripaojiedian/freenode/main/sub,29
27,https://raw.githubusercontent.com/w1770946466/Auto_proxy/main/Long_term_subscription_num,787
28,https://raw.githubusercontent.com/zhangkaiitugithub/passcro/main/speednodes.yaml,36
29,https://www.ckcloud.xyz/api/v1/client/subscribe?token=c95a6031d3aa1dc71f43d4fd0d89cc31,57
30,https://xn--30rs3bu7r87f.com/api/v1/client/subscribe?token=e54c262a33df1b09da61a33c10a8199f,0
31,dynamic://kkzui,50
32,dynamic://sharkdoor,7

总计,,760
